,Car Make,Car Model,Year,Horsepower,Torque (lb-ft),0-60 MPH Time (seconds),Price (in USD),Engine Size(Liters),Car Type
0,Porsche,911,2022,379,331,4.0,101200,3.0,Gas
1,Lamborghini,Huracan,2021,630,443,2.8,274390,5.2,Gas
2,Ferrari,488 GTB,2022,661,561,3.0,333750,3.9,Gas
3,Audi,R8,2022,562,406,3.2,142700,5.2,Gas
4,McLaren,720S,2021,710,568,2.7,298000,4.0,Gas
5,BMW,M8,2022,617,553,3.1,130000,4.4,Gas
6,Mercedes-Benz,AMG GT,2021,523,494,3.8,118500,4.0,Gas
7,Chevrolet,Corvette,2021,490,465,2.8,59900,6.2,Gas
8,Ford,Mustang Shelby GT500,2022,760,625,3.5,81000,5.2,Gas
9,Nissan,GT-R Nismo,2021,600,481,2.5,212000,3.8,Gas
10,Aston Martin,DB11,2021,630,516,3.5,201495,5.2,Gas
11,Bugatti,Chiron,2021,1500,1180,2.4,3000000,8.0,Gas
12,Dodge,Challenger SRT Hellcat,2022,717,656,3.5,61000,6.2,Gas
13,Jaguar,F-Type,2022,296,295,5.4,70100,3.0,Gas
14,Koenigsegg,Jesko,2021,1280,1015,2.5,2800000,5.0,Gas
15,Lexus,LC 500,2021,471,398,4.4,92950,5.0,Gas
16,Lotus,Evora GT,2021,416,317,3.8,104450,3.5,Gas
17,Maserati,GranTurismo,2021,454,384,4.8,150000,4.7,Gas
18,Porsche,Boxster,2021,300,280,4.7,62000,2.0,Gas
19,Alfa Romeo,Giulia Quadrifoglio,2022,505,443,3.8,78000,2.9,Gas
20,Ariel,Atom,2021,320,243,2.8,75000,2.0,Gas
21,Bentley,Continental GT,2021,626,664,3.6,225000,6.0,Gas
22,McLaren,Artura,2022,671,531,3.0,225000,3.0,Gas
23,Mercedes-AMG,SLS AMG,2021,622,468,3.5,248000,6.2,Gas
24,Pagani,Huayra,2021,720,737,2.8,2800000,6.0,Gas
25,Polestar,1,2021,600,738,4.1,155000,2.0,Gas
26,Rimac,Nevera,2022,1914,1696,1.85,2400000,,Electric
27,Porsche,Cayman GT4,2022,414,309,3.8,100200,4.0,Gas
28,Lamborghini,Aventador SVJ,2021,759,531,2.8,517770,6.5,Gas
29,Ferrari,SF90 Stradale,2021,986,590,2.5,625000,4.0,Hybrid
30,Audi,RS7,2022,591,590,3.5,117000,4.0,Gas
31,McLaren,Artura,2021,671,531,3.0,225000,3.0,Gas
32,BMW,M4,2022,503,479,3.8,72800,3.0,Gas
33,Mercedes-Benz,SLS AMG,2015,622,468,3.2,222000,6.2,Gas
34,Chevrolet,Camaro ZL1,2021,650,650,3.5,64695,6.2,Gas
35,Ford,GT,2022,660,550,3.0,500000,3.5,Gas
36,Nissan,370Z Nismo,2021,350,276,4.5,45690,3.7,Gas
37,Porsche,Taycan 4S,2022,562,479,3.8,104000,,Electric
38,Lamborghini,Urus,2021,641,626,3.5,218000,4.0,Gas
39,Ferrari,Roma,2021,611,561,3.3,222000,3.9,Gas
40,Audi,RS3,2022,394,369,3.9,57000,2.5,Gas
41,McLaren,GT,2021,612,465,3.1,210000,4.0,Gas
42,BMW,i8,2020,369,420,4.2,148500,1.5,Hybrid
43,Mercedes-Benz,CLS63 AMG,2019,603,627,3.4,132000,4.0,Gas
44,Porsche,Cayman,2021,300,280,5.1,58900,2.0,Gas
45,Lamborghini,Aventador SVJ,2021,759,531,2.8,518000,6.5,Gas
46,Ferrari,SF90 Stradale,2021,986,590,2.5,625000,4.0,Hybrid
47,Audi,RS3,2022,394,369,3.9,56200,2.5,Gas
48,McLaren,570S,2021,562,443,2.8,192500,3.8,Gas
49,BMW,M4,2022,503,479,3.8,71800,3.0,Gas
50,Mercedes-Benz,AMG C63,2021,503,516,3.8,68000,4.0,Gas
51,Chevrolet,Camaro SS,2021,455,455,4.1,42500,6.2,Gas
52,Ford,Mustang GT,2022,460,420,4.3,39000,5.0,Gas
53,Nissan,370Z Nismo,2021,350,276,4.8,46100,3.7,Gas
54,Aston Martin,Vantage,2021,503,505,3.5,142100,4.0,Gas
55,Lotus,Evora GT,2021,416,317,3.8,105000,3.5,Gas
56,Porsche,Panamera,2021,325,331,5.1,87200,2.9,Gas
57,Lamborghini,Urus,2021,641,627,3.2,218000,4.0,Gas
58,Ferrari,Roma,2021,612,560,3.4,222000,3.9,Gas
59,Audi,S5,2022,349,369,4.4,52500,3.0,Gas
60,McLaren,600LT,2021,592,457,2.8,241000,3.8,Gas
61,BMW,M5,2022,600,553,3.2,103500,4.4,Gas
62,Aston Martin,Vantage,2022,503,505,3.5,146000,4.0,Gas
63,Audi,RS5,2021,444,443,3.6,75400,2.9,Gas
64,BMW,M2,2022,405,406,4.0,58900,3.0,Gas
65,Chevrolet,Camaro SS,2021,455,455,4.0,42900,6.2,Gas
66,Dodge,Challenger SRT Hellcat Redeye,2022,797,707,3.4,78595,6.2,Gas
67,Ford,GT,2021,660,550,3.0,500000,3.5,Gas
68,Jaguar,F-Type,2022,296,295,5.4,62750,2.0,Gas
69,Lamborghini,Aventador,2021,770,531,2.9,417826,6.5,Gas
70,Maserati,GranTurismo,2021,454,384,4.7,150980,4.7,Gas
71,McLaren,Artura,2022,671,531,3.0,225000,3.0,Gas
72,Mercedes-Benz,C63 AMG,2021,503,516,3.8,70100,4.0,Gas
73,Nissan,370Z,2021,332,270,5.0,30090,3.7,Gas
74,Porsche,Panamera,2022,325,331,5.3,88700,2.9,Gas
75,Audi,TT RS,2021,394,354,3.6,67600,2.5,Gas
76,BMW,M4,2022,473,406,4.1,72800,3.0,Gas
77,Chevrolet,Corvette Stingray,2021,490,465,2.8,59900,6.2,Gas
78,Ferrari,F8 Tributo,2021,710,568,2.8,274280,3.9,Gas
79,Ford,Mustang Mach 1,2021,480,420,4.3,52915,5.0,Gas
80,Lamborghini,Urus,2021,641,627,3.6,218009,4.0,Gas
81,Porsche,718 Cayman,2022,300,280,4.5,61000,2.0,Gas
82,Acura,NSX,2022,573,476,2.9,159495,3.5,Gas
83,Aston Martin,Vantage,2022,503,505,3.5,142086,4.0,Gas
84,Bentley,Continental GT,2021,626,664,3.3,219800,6.0,Gas
85,Bugatti,Chiron,2022,1500,1180,2.4,3000000,8.0,Gas
86,Dodge,Challenger SRT Hellcat Redeye,2022,797,707,3.4,74290,6.2,Gas
87,Jaguar,F-Type,2022,380,339,4.9,71900,3.0,Gas
88,Koenigsegg,Jesko,2022,1600,1106,2.5,3000000,5.0,Gas
89,Lexus,LC 500,2022,471,398,4.4,92950,5.0,Gas
90,Lotus,Evora GT,2021,416,317,3.8,105000,3.5,Gas
91,Maserati,GranTurismo,2022,454,384,4.7,134300,4.7,Gas
92,Mazda,MX-5 Miata,2021,181,151,6.5,26830,2.0,Gas
93,McLaren,GT,2022,620,465,3.1,213195,4.0,Gas
94,Mercedes-Benz,SLS AMG,2015,622,468,3.7,221580,6.2,Gas
95,Pagani,Huayra,2022,764,738,2.8,2800000,6.0,Gas
96,Porsche,718 Cayman GT4,2022,414,309,4.2,100550,4.0,Gas
97,Rimac,Nevera,2022,1914,1696,1.95,2400000,,Electric
98,Rolls-Royce,Wraith,2021,624,605,4.4,330000,6.8,Gas
99,Tesla,Roadster,2022,1000,737,1.9,200000,,Electric
100,Toyota,Supra,2022,382,368,3.9,43090,3.0,Gas
101,W Motors,Fenyr Supersport,2022,800,723,2.7,1700000,3.8,Gas
102,Porsche,718 Cayman,2022,300,280,4.7,60500,2.0,Gas
103,Lamborghini,Aventador,2021,770,531,2.9,522000,6.5,Gas
104,Ferrari,SF90 Stradale,2021,986,590,2.5,625000,4.0,Hybrid
105,Audi,TT RS,2022,394,354,3.4,67000,2.5,Gas
106,McLaren,GT,2021,612,465,3.1,212500,4.0,Gas
107,BMW,M4,2022,503,479,3.8,75000,3.0,Gas
108,Mercedes-Benz,SL 63 AMG,2021,603,664,3.5,155000,4.0,Gas
109,Chevrolet,Camaro ZL1,2021,650,650,3.5,64000,6.2,Gas
110,Ford,GT,2022,660,550,2.8,500000,3.5,Gas
111,Nissan,370Z,2021,332,270,4.7,31015,3.7,Gas
112,Aston Martin,DBS Superleggera,2021,715,664,3.4,304995,5.2,Gas
113,Bugatti,Chiron,2021,1500,1180,2.4,3000000,8.0,Gas
114,Lotus,Evora GT,2021,416,317,3.8,105000,3.5,Gas
115,McLaren,570S,2021,562,443,3.2,192500,3.8,Gas
116,Porsche,Panamera Turbo S E-Hybrid,2021,690,642,3.2,190000,4.0,Hybrid
117,Lamborghini,Urus,2021,641,627,3.6,222000,4.0,Gas
118,Ferrari,Roma,2021,611,561,3.3,222000,3.9,Gas
119,Audi,RS7,2021,591,590,3.5,115000,4.0,Gas
120,BMW,M2,2022,405,406,4.2,59000,3.0,Gas
121,Porsche,Cayman GT4,2022,414,309,4.2,102100,4.0,Gas
122,Lamborghini,Aventador,2021,730,509,2.9,417826,6.5,Gas
123,Aston Martin,DBS Superleggera,2021,715,664,3.2,304995,5.2,Gas
124,Bentley,Continental GT,2021,626,664,3.6,220300,6.0,Gas
125,Audi,RS7,2022,591,590,3.5,114000,4.0,Gas
126,Mercedes-Benz,SLS AMG,2021,622,468,3.7,239100,6.2,Gas
127,McLaren,570S,2021,562,443,3.1,192500,3.8,Gas
128,BMW,M2,2022,405,406,4.0,58900,3.0,Gas
129,Chevrolet,Camaro ZL1,2021,650,650,3.5,62500,6.2,Gas
130,Dodge,Challenger SRT Hellcat,2021,717,656,3.5,65290,6.2,Gas
131,Ferrari,Portofino,2021,592,560,3.5,219750,3.9,Gas
132,Porsche,Panamera Turbo S,2022,620,604,2.9,187700,4.0,Gas
133,Lamborghini,Urus,2021,641,627,3.6,222004,4.0,Gas
134,Mercedes-Benz,AMG C63,2021,469,479,3.8,71350,4.0,Gas
135,Aston Martin,Vantage,2021,503,505,3.6,146000,4.0,Gas
136,Audi,S5,2022,349,369,4.4,52500,3.0,Gas
137,Porsche,Cayman,2022,365,309,4.5,68900,2.5,Gas
138,Lamborghini,Aventador,2021,730,507,2.8,517770,6.5,Gas
139,Ferrari,F8 Tributo,2022,710,568,2.9,276550,3.9,Gas
140,Audi,TT RS,2021,394,354,3.6,67600,2.5,Gas
141,McLaren,570S,2021,562,443,3.1,192500,3.8,Gas
142,BMW,Z4 M40i,2022,382,369,3.9,63700,3.0,Gas
143,Mercedes-Benz,SLS AMG,2015,622,468,3.7,221580,6.2,Gas
144,Chevrolet,Camaro SS,2022,455,455,4.1,44000,6.2,Gas
145,Ford,Mustang Mach 1,2021,480,420,4.0,51720,5.0,Gas
146,Nissan,370Z Nismo,2021,350,276,4.9,45790,3.7,Gas
147,Porsche,Panamera,2022,325,331,5.4,88550,2.9,Gas
148,Lamborghini,Urus,2021,641,627,3.5,218009,4.0,Gas
149,Ferrari,Roma,2021,612,561,3.3,222620,3.9,Gas
150,Audi,RS 3,2022,401,369,3.6,56200,2.5,Gas
151,McLaren,GT,2021,612,465,3.2,200000,4.0,Gas
152,BMW,M2 CS,2022,444,406,3.8,84595,3.0,Gas
153,Mercedes-Benz,AMG C63,2021,503,516,3.8,77500,4.0,Gas
154,Chevrolet,Camaro ZL1,2021,650,650,3.5,62500,6.2,Gas
155,Acura,NSX,2021,573,476,2.7,157500,3.5,Gas
156,Aston Martin,DB11,2022,503,513,3.7,204100,4.0,Gas
157,Bentley,Continental GT,2021,626,664,3.4,220300,6.0,Gas
158,Bugatti,Chiron,2021,1500,1180,2.4,3000000,8.0,Gas
159,Dodge,Viper,2017,645,600,3.3,120000,8.4,Gas
160,Jaguar,F-Type,2022,380,339,4.9,69900,3.0,Gas
161,Koenigsegg,Jesko,2022,1600,1106,2.5,3000000,5.0,Gas
162,Lexus,LC 500,2022,471,398,4.4,92950,5.0,Gas
163,Lotus,Evora GT,2021,416,317,3.8,105950,3.5,Gas
164,Maserati,GranTurismo,2020,454,384,4.8,150000,4.7,Gas
165,McLaren,570S,2020,562,443,3.1,204550,3.8,Gas
166,Pagani,Huayra,2020,720,738,3.0,2700000,6.0,Gas
167,Porsche,Cayman GT4,2022,414,309,4.2,102900,4.0,Gas
168,Rimac,C_Two,2022,1914,1696,1.9,2400000,,Electric
169,Rolls-Royce,Wraith,2021,624,605,4.3,330000,6.6,Gas
170,Shelby,Cobra,1965,435,440,4.2,1000000,7.0,Gas
171,Tesla,Model S Plaid,2021,1020,1050,1.98,131190,,Electric
172,Toyota,GR Supra,2022,382,368,3.9,43090,3.0,Gas
173,TVR,Griffith,2022,500,479,3.8,123500,5.0,Gas
174,W Motors,Lykan Hypersport,2015,780,708,2.8,3400000,3.7,Gas
175,Porsche,718 Cayman,2021,300,280,4.5,61500,2.0,Gas
176,Lamborghini,Aventador SVJ,2021,770,531,2.8,518000,6.5,Gas
177,Ferrari,SF90 Stradale,2022,986,590,2.5,507000,4.0,Hybrid
178,Audi,RS 6,2021,591,590,3.5,109000,4.0,Gas
179,McLaren,GT,2021,612,465,3.1,210000,4.0,Gas
180,BMW,M2 CS,2022,444,406,3.8,84595,3.0,Gas
181,Mercedes-Benz,SLS AMG,2015,622,468,3.6,228000,6.2,Gas
182,Chevrolet,Camaro SS,2021,455,455,4.0,42000,6.2,Gas
183,Ford,GT,2022,660,550,2.8,500000,3.5,Gas
184,Nissan,370Z Nismo,2021,350,276,5.0,45000,3.7,Gas
185,Porsche,Taycan,2021,750,774,2.6,185000,,Electric
186,Lamborghini,Urus,2021,641,627,3.6,222004,4.0,Gas
187,Ferrari,F8 Tributo,2021,710,568,2.9,276550,3.9,Gas
188,Audi,RS 3,2022,401,354,3.5,56000,2.5,Gas
189,McLaren,570S,2021,562,443,3.1,191000,3.8,Gas
190,BMW,M5,2022,600,553,3.2,104000,4.4,Gas
191,Mercedes-Benz,AMG C 63,2021,469,479,3.9,69900,4.0,Gas
192,Chevrolet,Camaro ZL1,2021,650,650,3.5,64000,6.2,Gas
193,Porsche,Taycan,2022,402,254,5.1,81250,,Electric
194,Lamborghini,Aventador,2021,730,509,2.9,517700,6.5,Gas
195,Aston Martin,DBS Superleggera,2022,715,663,3.4,330000,5.2,Gas
196,Audi,RS 6 Avant,2021,591,590,3.5,109000,4.0,Gas
197,McLaren,600LT,2021,592,457,2.8,242500,3.8,Gas
198,Mercedes-AMG,C 63 S Coupe,2022,503,516,3.7,77000,4.0,Gas
199,BMW,M4,2022,473,406,4.1,72800,3.0,Gas
200,Chevrolet,Camaro ZL1,2021,650,650,3.5,62000,6.2,Gas
201,Dodge,Challenger SRT Hellcat Redeye,2022,797,707,3.5,76000,6.2,Gas
202,Ford,GT,2022,660,550,2.9,500000,3.5,Gas
203,Nissan,370Z,2021,332,270,4.9,30090,3.7,Gas
204,Porsche,Panamera,2022,325,332,5.3,87200,2.9,Gas
205,Lamborghini,Urus,2021,641,626,3.5,218000,4.0,Gas
206,Bugatti,Chiron,2021,1500,1180,2.3,3000000,8.0,Gas
207,Ferrari,F8 Tributo,2021,710,568,2.9,274280,3.9,Gas
208,Audi,RS 7,2021,591,590,3.5,114000,4.0,Gas
209,McLaren,570S,2021,562,443,3.1,191000,3.8,Gas
210,Aston Martin,Vantage,2022,503,505,3.5,142086,4.0,Gas
211,Jaguar,F-Type,2022,575,516,3.5,103200,5.0,Gas
212,Porsche,Panamera Turbo S,2021,620,604,2.9,177700,4.0,Gas
213,Lamborghini,Aventador S,2021,729,509,2.9,417650,6.5,Gas
214,Ferrari,SF90 Stradale,2021,986,590,2.5,625000,4.0,Hybrid
215,Audi,RS7,2022,591,590,3.5,115045,4.0,Gas
216,McLaren,600LT,2021,592,457,2.9,256500,3.8,Gas
217,BMW,M2 Competition,2022,405,406,4.0,59895,3.0,Gas
218,Mercedes-Benz,S63 AMG,2021,603,664,3.4,152500,4.0,Gas
219,Chevrolet,Camaro ZL1,2021,650,650,3.5,64695,6.2,Gas
220,Dodge,Challenger SRT Hellcat,2022,717,656,3.5,69995,6.2,Gas
221,Ford,GT,2022,660,550,2.9,500000,3.5,Gas
222,Porsche,Taycan Turbo S,2021,750,774,2.6,185000,,Electric
223,Lamborghini,Urus,2021,641,627,3.2,218009,4.0,Gas
224,Ferrari,812 Superfast,2021,789,530,2.9,363730,6.5,Gas
225,Audi,R8 Spyder,2022,562,406,3.5,183300,5.2,Gas
226,McLaren,GT,2021,612,465,3.1,210000,4.0,Gas
227,BMW,M4,2022,473,406,4.1,73795,3.0,Gas
228,Mercedes-Benz,AMG GT R,2021,577,516,3.5,183000,4.0,Gas
229,Chevrolet,Corvette Stingray,2021,495,470,2.9,60995,6.2,Gas
230,Aston Martin,DB11,2022,630,516,3.5,207000,5.2,Gas
231,Bentley,Continental GT,2022,626,664,3.5,203825,6.0,Gas
232,Jaguar,F-Type R,2021,575,516,3.5,103200,5.0,Gas
233,Acura,NSX,2022,573,476,2.7,157500,3.5,Gas
234,Lotus,Evora GT,2021,416,317,3.7,99800,3.5,Gas
235,Porsche,Cayman GT4,2021,414,309,4.2,100200,4.0,Gas
236,Alfa Romeo,4C,2020,237,258,4.1,67150,1.7,Gas
237,Audi,RS5,2022,444,443,3.7,77250,2.9,Gas
238,BMW,M2 Competition,2021,405,406,4.0,58900,3.0,Gas
239,Chevrolet,Camaro ZL1,2021,650,650,3.5,64695,6.2,Gas
240,Dodge,Charger SRT Hellcat,2022,717,650,3.6,71490,6.2,Gas
241,Ford,GT,2022,660,550,2.8,500000,3.5,Gas
242,Lexus,LC 500,2022,471,398,4.4,92950,5.0,Gas
243,Maserati,GranTurismo,2020,454,384,4.8,150400,4.7,Gas
244,Nissan,370Z Nismo,2021,350,276,4.6,47820,3.7,Gas
245,Rolls-Royce,Wraith,2022,624,605,4.4,330000,6.8,Gas
246,Subaru,WRX STI,2021,310,290,4.6,38170,2.5,Gas
247,Tesla,Model S Plaid,2022,1020,1050,1.9,131190,,Electric
248,Porsche,Cayman GT4,2021,414,309,4.2,102000,4.0,Gas
249,Lamborghini,Aventador,2021,729,507,2.9,393695,6.5,Gas
250,Ferrari,Portofino,2022,591,413,3.3,218750,3.9,Gas
251,Audi,RS7,2021,591,590,3.5,114000,4.0,Gas
252,McLaren,600LT,2021,592,457,2.8,256500,3.8,Gas
253,BMW,M2,2022,405,406,4.0,58900,3.0,Gas
254,Mercedes-Benz,AMG GT,2021,523,494,3.8,118500,4.0,Gas
255,Chevrolet,Camaro SS,2021,455,455,4.1,40590,6.2,Gas
256,Ford,Mustang Mach 1,2021,480,420,4.0,52720,5.0,Gas
257,Nissan,370Z Nismo,2021,350,276,4.6,45000,3.7,Gas
258,Porsche,Panamera Turbo,2022,620,604,3.1,174300,4.0,Gas
259,Lamborghini,Urus,2021,641,627,3.2,222004,4.0,Gas
260,Ferrari,SF90 Stradale,2022,986,590,2.5,625000,4.0,Hybrid
261,Audi,TT RS,2022,394,354,3.4,67895,2.5,Gas
262,McLaren,GT,2021,612,465,3.1,210000,4.0,Gas
263,Dodge,Challenger SRT Hellcat,2021,717,656,3.5,62290,6.2,Gas
264,Aston Martin,DBS Superleggera,2021,715,663,3.2,304995,5.2,Gas
265,Jaguar,F-Type R,2021,575,516,3.5,103200,5.0,Gas
266,Lexus,LC 500,2022,471,398,4.4,93050,5.0,Gas
267,Porsche,Cayman GT4,2022,414,309,4.2,101200,4.0,Gas
268,BMW,M2 Competition,2022,405,406,4.0,59895,3.0,Gas
269,Audi,RS 5 Coupe,2021,444,443,3.7,75100,2.9,Gas
270,Chevrolet,Camaro ZL1,2021,650,650,3.5,64195,6.2,Gas
271,Lotus,Evora GT,2022,416,317,3.8,105000,3.5,Gas
272,McLaren,GT,2021,612,465,3.1,211000,4.0,Gas
273,Mercedes-Benz,SLS AMG Black Series,2014,622,468,3.5,275000,6.2,Gas
274,Bugatti,Chiron,2021,1500,1180,2.4,2998000,8.0,Gas
275,Koenigsegg,Jesko,2021,1280,1015,2.5,3000000,5.0,Gas
276,Ferrari,SF90 Stradale,2021,986,590,2.5,625000,4.0,Hybrid
277,Lamborghini,Aventador SVJ,2020,770,531,2.8,573966,6.5,Gas
278,Rimac,C_Two,2022,1914,1732,1.85,2400000,,Electric
279,Pagani,Huayra Roadster BC,2021,791,774,2.5,3500000,6.0,Gas
280,Pininfarina,Battista,2022,1874,1696,1.9,2500000,,Electric
281,Acura,NSX,2022,573,476,2.9,157500,3.5,Gas
282,Aston Martin,Vantage,2021,503,505,3.5,146000,4.0,Gas
283,Bentley,Continental GT,2022,542,568,3.9,219800,4.0,Gas
284,Dodge,Challenger SRT Hellcat,2022,717,656,3.5,70000,6.2,Gas
285,Jaguar,F-Type,2022,296,295,5.4,61600,2.0,Gas
286,Kia,Stinger,2022,368,376,4.7,52200,3.3,Gas
287,Lotus,Evora GT,2021,416,317,3.8,100450,3.5,Gas
288,Maserati,GranTurismo,2021,454,384,4.8,134300,4.7,Gas
289,Porsche,718 Cayman GT4,2022,414,309,4.2,102550,4.0,Gas
290,Alfa Romeo,Giulia Quadrifoglio,2021,505,443,3.8,76400,2.9,Gas
291,Audi,RS7,2021,591,590,3.5,114000,4.0,Gas
292,BMW,M5,2022,600,553,3.2,103500,4.4,Gas
293,Chevrolet,Camaro ZL1,2022,650,650,3.5,69000,6.2,Gas
294,Ford,GT,2022,660,550,3.0,500000,3.5,Gas
295,Lamborghini,Aventador,2021,770,531,2.8,417826,6.5,Gas
296,McLaren,Artura,2021,671,531,3.0,225000,3.0,Gas
297,Mercedes-Benz,SLS AMG,2021,577,516,3.6,247500,4.0,Gas
298,Nissan,370Z Nismo,2021,350,276,4.8,45790,3.7,Gas
299,Porsche,Taycan,2022,616,774,2.6,79900,,Electric
300,Tesla,Model S,2022,1020,1050,1.98,119000,,Electric
301,Aston Martin,DBS Superleggera,2022,715,664,3.2,307820,5.2,Gas
302,Bentley,Continental GT,2022,542,568,3.4,207825,4.0,Gas
303,Bugatti,Chiron,2021,1479,1180,2.3,2998000,8.0,Gas
304,McLaren,570S,2021,562,443,3.1,202500,3.8,Gas
305,Porsche,Taycan Turbo S,2021,750,774,2.6,185000,,Electric
306,Lamborghini,Aventador S,2021,730,509,2.9,417826,6.5,Gas
307,Ferrari,F8 Tributo,2022,710,568,2.8,276550,3.9,Gas
308,Audi,RS 7,2022,591,590,3.5,114000,4.0,Gas
309,BMW,M2 CS,2022,444,406,4.0,84595,3.0,Gas
310,Mercedes-Benz,SLS AMG,2021,622,468,3.2,275000,6.2,Gas
311,Chevrolet,Camaro ZL1,2021,650,650,3.5,63000,6.2,Gas
312,Ford,GT,2022,660,550,3.0,500000,3.5,Gas
313,Jaguar,F-Type,2021,575,516,3.5,103200,5.0,Gas
314,Lotus,Evora GT,2021,416,317,3.8,96950,3.5,Gas
315,Maserati,GranTurismo,2022,454,384,4.8,134300,4.7,Gas
316,McLaren,765LT,2021,755,590,2.8,358000,4.0,Gas
317,Nissan,370Z,2021,332,270,5.0,30000,3.7,Gas
318,Pagani,Huayra,2021,730,738,3.0,2600000,6.0,Gas
319,Porsche,Panamera Turbo S,2021,620,604,2.9,180000,4.0,Gas
320,Tesla,Model S Plaid,2021,1020,1050,1.9,131100,,Electric
321,Aston Martin,DB11,2021,503,513,4.0,201495,4.0,Gas
322,Dodge,Challenger Hellcat Redeye,2022,797,707,3.4,82190,6.2,Gas
323,Lotus,Evora,2021,416,317,3.8,96950,3.5,Gas
324,Acura,NSX,2021,573,476,2.7,159495,3.5,Gas
325,Alfa Romeo,Giulia Quadrifoglio,2021,505,443,3.8,76950,2.9,Gas
326,Bentley,Continental GT,2021,626,664,3.3,202500,6.0,Gas
327,Jaguar,F-Type,2022,380,339,4.9,70100,3.0,Gas
328,Koenigsegg,Jesko,2022,1280,1015,2.5,3000000,5.0,Gas
329,Lexus,LC 500,2021,471,398,4.4,92950,5.0,Gas
330,Maserati,GranTurismo,2022,454,384,4.8,132795,4.7,Gas
331,McLaren,GT,2022,612,465,3.1,215500,4.0,Gas
332,Mercedes-AMG,C 63 S Coupe,2022,503,516,3.7,80900,4.0,Gas
333,Porsche,718 Cayman,2021,300,280,4.9,59900,2.0,Gas
334,Rolls-Royce,Wraith,2021,624,605,4.3,330000,6.8,Gas
335,Tesla,Roadster,2022,1000,737,1.9,200000,,Electric
336,Chevrolet,Camaro SS,2021,455,455,4.0,40000,6.2,Gas
337,Ford,GT,2022,660,550,3.0,500000,3.5,Gas
338,Acura,NSX,2022,573,476,2.7,157500,3.5,Gas
339,Aston Martin,DB11,2021,630,516,3.7,209000,5.2,Gas
340,Bentley,Continental GT,2022,542,568,3.9,202500,4.0,Gas
341,Bugatti,Chiron,2021,1500,1180,2.4,3000000,8.0,Gas
342,Dodge,Challenger Hellcat,2022,717,656,3.5,67500,6.2,Gas
343,Jaguar,F-Type,2021,575,516,3.5,103200,5.0,Gas
344,Koenigsegg,Jesko,2022,1280,1106,2.5,2800000,5.0,Gas
345,Lexus,LC,2021,471,398,4.4,92950,5.0,Gas
346,Lotus,Evora GT,2021,416,317,3.8,104200,3.5,Gas
347,Maserati,GranTurismo,2021,454,384,4.7,133050,4.7,Gas
348,McLaren,570S,2021,562,443,3.1,196350,3.8,Gas
349,Mercedes-Benz,AMG C63,2022,503,516,3.8,69900,4.0,Gas
350,Pagani,Huayra BC,2021,791,774,2.7,2600000,6.0,Gas
351,Porsche,Cayman GT4,2022,414,309,4.2,102900,4.0,Gas
352,Rimac,Nevera,2022,1914,1696,1.85,2400000,,Electric
353,Rolls-Royce,Wraith,2021,624,605,4.4,338000,6.7,Gas
354,Tesla,Roadster,2022,1000,737,1.9,200000,,Electric
355,Acura,NSX,2022,573,476,2.7,157500,3.5,Gas
356,Aston Martin,Vantage,2021,503,505,3.5,150000,4.0,Gas
357,Bentley,Continental GT,2021,626,664,3.6,218400,6.0,Gas
358,Dodge,Challenger SRT Hellcat Redeye,2021,797,707,3.5,73000,6.2,Gas
359,Jaguar,F-Type R,2022,575,516,3.5,103200,5.0,Gas
360,Lexus,LC 500,2021,471,398,4.4,92950,5.0,Gas
361,Lotus,Evora GT,2021,416,317,3.8,104970,3.5,Gas
362,Maserati,GranTurismo,2021,454,384,4.8,132400,4.7,Gas
363,Porsche,Cayman GT4,2021,414,309,4.2,101200,4.0,Gas
364,Tesla,Roadster,2023,1000,737,1.9,200000,,Electric
365,Alpine,A110,2021,288,236,4.4,71500,1.8,Gas
366,Audi,RS7,2021,591,590,3.5,114000,4.0,Gas
367,BMW,M4,2021,473,406,4.1,71800,3.0,Gas
368,Chevrolet,Camaro ZL1,2021,650,650,3.5,64195,6.2,Gas
369,Dodge,Viper,2017,645,600,3.3,118795,8.4,Gas
370,Ferrari,Portofino,2021,591,560,3.5,218750,3.9,Gas
371,Jaguar,F-Type,2022,296,295,5.4,61600,3.0,Gas
372,Lamborghini,Aventador SVJ,2021,770,531,2.8,517700,6.5,Gas
373,McLaren,600LT,2021,592,457,2.8,240000,3.8,Gas
374,Aston Martin,DB11,2021,630,516,3.5,221400,5.2,Gas
375,Bentley,Continental GT,2021,626,664,3.6,202500,6.0,Gas
376,Bugatti,Chiron,2022,1500,1180,2.4,3000000,8.0,Gas
377,Dodge,Challenger SRT Hellcat,2021,717,656,3.5,64100,6.2,Gas
378,Jaguar,F-Type R,2022,575,516,3.5,103200,5.0,Gas
379,Koenigsegg,Jesko,2022,1280,1015,2.5,2800000,5.0,Gas
380,Lexus,LC 500,2021,471,398,4.4,92950,5.0,Gas
381,Lotus,Evora GT,2021,416,317,3.8,100450,3.5,Gas
382,Maserati,GranTurismo,2021,454,384,4.8,150980,4.7,Gas
383,McLaren,Artura,2022,671,531,3.0,225000,3.0,Gas
384,Mercedes-AMG,C 63 S,2022,503,516,3.7,81550,4.0,Gas
385,Pagani,Huayra,2021,764,738,2.8,3500000,6.0,Gas
386,Porsche,Cayman GT4,2021,414,309,4.2,102550,4.0,Gas
387,Rimac,C_Two,2022,1888,1696,1.8,2400000,,Electric
388,Rolls-Royce,Wraith,2021,624,642,4.4,330000,6.6,Gas
389,Tesla,Roadster,2022,10000,737,1.9,200000,,Electric
390,Toyota,Supra,2022,382,368,3.9,43090,3.0,Gas
391,Acura,NSX,2021,573,476,2.7,157500,3.5,Gas
392,Aston Martin,Vantage,2021,503,505,3.5,146000,4.0,Gas
393,Bentley,Continental GT,2022,542,568,3.9,207825,4.0,Gas
394,Dodge,Challenger SRT Hellcat,2021,717,656,3.5,64195,6.2,Gas
395,Jaguar,F-Type,2022,380,339,4.8,62250,3.0,Gas
396,Lexus,LC 500,2022,471,398,4.4,92000,5.0,Gas
397,Lotus,Evora GT,2021,416,317,3.8,105000,3.5,Gas
398,Maserati,GranTurismo,2022,454,384,4.7,134300,4.7,Gas
399,McLaren,570S,2022,562,443,2.9,204550,3.8,Gas
400,Porsche,Cayman GT4,2021,414,309,4.2,102000,4.0,Gas
401,Tesla,Model S Plaid,2021,1020,1050,1.9,141190,,Electric
402,Audi,RS 5,2021,444,443,3.5,75100,2.9,Gas
403,BMW,M2 Competition,2022,405,406,4.0,59895,3.0,Gas
404,Chevrolet,Camaro ZL1,2021,650,650,3.5,64995,6.2,Gas
405,Dodge,Viper ACR,2017,645,600,3.3,126190,8.4,Gas
406,Ford,GT,2021,660,550,2.9,500000,3.5,Gas
407,Porsche,Taycan 4S,2022,482,472,3.8,102900,2.5,Gas
408,Lamborghini,Aventador S,2021,730,509,2.9,417650,6.5,Gas
409,Aston Martin,DB11,2021,630,516,3.5,205000,5.2,Gas
410,Alfa Romeo,Giulia Quadrifoglio,2022,505,443,3.8,81250,2.9,Gas
411,Audi,RS7 Sportback,2022,591,590,3.5,115045,4.0,Gas
412,BMW,M4 Competition,2021,503,479,3.9,75695,3.0,Gas
413,Chevrolet,Camaro SS,2022,455,455,4.1,42000,6.2,Gas
414,Dodge,Charger Hellcat,2021,717,650,3.6,71490,6.2,Gas
415,Ferrari,F8 Tributo,2021,710,568,2.9,274280,3.9,Gas
416,Ford,GT,2021,660,550,2.8,500000,3.5,Gas
417,Jaguar,F-Type R,2021,575,516,3.5,103200,5.0,Gas
418,Koenigsegg,Jesko Absolut,2022,1600,1106,2.1,2800000,5.0,Gas
419,Lexus,LC 500,2021,471,398,4.4,93050,5.0,Gas
420,Lotus,Evija,2022,1973,1254,2.5,2750000,,Electric
421,McLaren,GT,2022,612,465,3.2,210000,4.0,Gas
422,Mercedes-Benz,AMG GT Black Series,2021,720,590,3.2,326050,4.0,Gas
423,Porsche,Cayman GT4,2021,414,309,4.2,102500,4.0,Gas
424,Lamborghini,Aventador,2021,770,531,2.8,417650,6.5,Gas
425,Ferrari,Portofino,2021,591,560,3.3,218750,3.9,Gas
426,Audi,TT RS,2022,394,354,3.6,69000,2.5,Gas
427,McLaren,600LT Spider,2021,592,457,2.8,256500,3.8,Gas
428,BMW,M4,2022,473,406,4.1,72800,3.0,Gas
429,Mercedes-Benz,AMG C 63,2022,503,516,3.8,70000,4.0,Gas
430,Chevrolet,Camaro SS 1LE,2021,455,455,4.0,44500,6.2,Gas
431,Ford,Mustang Mach 1,2021,480,420,4.0,51000,5.0,Gas
432,Nissan,370Z Nismo,2021,350,276,5.2,45000,3.7,Gas
433,Aston Martin,Vantage,2021,503,505,3.5,146000,4.0,Gas
434,Bugatti,Chiron,2022,1500,1180,2.4,3000000,8.0,Gas
435,Koenigsegg,Jesko,2021,1262,1106,2.5,3000000,5.0,Gas
436,Pagani,Huayra,2021,764,738,2.6,2600000,6.0,Gas
437,McLaren,Speedtail,2021,1035,848,2.5,2300000,4.0,Gas
438,Lamborghini,Si√°n,2021,819,531,2.8,3600000,6.5,Gas
439,Rimac,C_Two,2021,1914,1732,1.8,2400000,,Electric
440,Porsche,Cayman,2022,300,280,4.9,59900,2.0,Gas
441,Lamborghini,Aventador,2021,770,531,2.8,393695,6.5,Gas
442,Ferrari,Portofino,2021,591,413,3.5,215000,3.9,Gas
443,Audi,RS 5,2022,444,443,3.7,75100,2.9,Gas
444,McLaren,GT,2021,620,465,3.1,210000,4.0,Gas
445,BMW,Z4 M40i,2022,382,369,4.3,63700,3.0,Gas
446,Mercedes-Benz,SLC 43,2020,385,384,4.6,62000,3.0,Gas
447,Chevrolet,Camaro SS,2022,455,455,4.3,42500,6.2,Gas
448,Ford,Mustang GT,2022,460,420,4.3,36120,5.0,Gas
449,Nissan,370Z Nismo,2020,350,276,4.6,45790,3.7,Gas
450,Aston Martin,Vantage,2022,503,505,3.6,146000,4.0,Gas
451,Bentley,Continental GT,2021,626,664,3.3,220000,4.0,Gas
452,Porsche,718 Boxster,2022,300,280,4.9,62000,2.0,Gas
453,Lamborghini,Urus,2021,641,627,3.6,222004,4.0,Gas
454,Ferrari,F8 Spider,2021,710,568,2.9,280000,3.9,Gas
455,Audi,TT RS,2022,394,354,3.6,69900,2.5,Gas
456,McLaren,570S,2021,562,443,2.9,208800,3.8,Gas
457,BMW,M4,2022,473,406,4.0,72800,3.0,Gas
458,Porsche,718 Cayman,2022,300,280,4.9,60500,2.0,Gas
459,Lamborghini,Aventador,2021,730,509,2.9,393695,6.5,Gas
460,Ferrari,SF90 Stradale,2022,986,590,2.5,625000,4.0,Hybrid
461,Audi,RS5,2022,444,443,3.7,75100,2.9,Gas
462,McLaren,GT,2021,612,465,3.2,208800,4.0,Gas
463,BMW,M2,2022,405,406,4.0,58900,3.0,Gas
464,Mercedes-Benz,SLS AMG,2015,622,468,3.6,229000,6.2,Gas
465,Chevrolet,Camaro ZL1,2021,650,650,3.5,62000,6.2,Gas
466,Ford,GT,2022,660,550,3.0,500000,3.5,Gas
467,Nissan,370Z Nismo,2020,350,276,5.2,46200,3.7,Gas
468,Dodge,Challenger SRT Hellcat,2021,717,656,3.6,71000,6.2,Gas
469,Aston Martin,DBS Superleggera,2021,715,663,3.2,308000,5.2,Gas
470,Alfa Romeo,Giulia Quadrifoglio,2022,505,443,3.8,80500,2.9,Gas
471,Jaguar,F-Type R,2021,575,516,3.5,105900,5.0,Gas
472,Lotus,Evora GT,2020,416,317,3.8,96950,3.5,Gas
473,Maserati,GranTurismo,2019,454,384,4.7,150980,4.7,Gas
474,Porsche,Panamera Turbo S,2022,630,604,2.9,180800,4.0,Gas
475,Lamborghini,Urus,2021,641,627,3.2,218000,4.0,Gas
476,Aston Martin,Vantage,2021,503,505,3.5,146000,4.0,Gas
477,Lotus,Evora,2021,416,317,3.8,94000,3.5,Gas
478,Alfa Romeo,4C Spider,2020,237,258,4.1,67150,1.7,Gas
479,Jaguar,F-Type,2022,380,339,4.9,70900,3.0,Gas
480,Maserati,GranTurismo,2021,454,384,4.7,134300,4.7,Gas
481,Porsche,Cayman GT4,2021,414,309,4.2,100200,4.0,Gas
482,Audi,RS5 Coupe,2022,444,443,3.7,76450,2.9,Gas
483,BMW,M2 Competition,2021,405,406,4.0,58900,3.0,Gas
484,Chevrolet,Camaro ZL1,2022,650,650,3.5,64000,6.2,Gas
485,Dodge,Challenger SRT Hellcat,2022,717,656,3.5,61500,6.2,Gas
486,Ford,GT,2021,647,550,2.8,500000,3.5,Gas
487,Lexus,LC 500,2022,471,398,4.4,92950,5.0,Gas
488,McLaren,570S,2022,562,443,3.1,198950,3.8,Gas
489,Mercedes-AMG,C63 S Coupe,2021,503,516,3.7,77950,4.0,Gas
490,Nissan,370Z Nismo,2021,350,276,4.9,45790,3.7,Gas
491,Porsche,718 Boxster,2021,300,280,4.9,62000,2.0,Gas
492,Lamborghini,Aventador S,2021,729,507,2.9,417826,6.5,Gas
493,Ferrari,F8 Tributo,2021,710,568,2.9,274280,3.9,Gas
494,Audi,TT RS Coupe,2021,394,354,3.6,67600,2.5,Gas
495,BMW,M4 Coupe,2021,473,406,3.8,71800,3.0,Gas
496,Acura,NSX,2021,573,476,2.7,159495,3.5,Gas
497,Aston Martin,DBS Superleggera,2022,715,664,3.4,314500,5.2,Gas
498,Bentley,Continental GT,2022,626,664,3.3,214425,6.0,Gas
499,Bugatti,Chiron,2022,1500,1180,2.3,3000000,8.0,Gas
500,Dodge,Challenger SRT Hellcat,2022,717,656,3.5,71490,6.2,Gas
501,Jaguar,F-Type,2021,575,516,3.5,105900,5.0,Gas
502,Koenigsegg,Jesko,2021,1280,1106,2.5,2800000,5.0,Gas
503,Lexus,LC 500,2021,471,398,4.4,92950,5.0,Gas
504,Lotus,Evora GT,2021,416,317,3.8,104400,3.5,Gas
505,Maserati,GranTurismo,2022,454,384,4.7,150980,4.7,Gas
506,McLaren,Artura,2022,671,531,3.0,225000,3.0,Gas
507,Pagani,Huayra,2021,764,738,2.6,2600000,6.0,Gas
508,Porsche,Cayman GT4,2022,414,309,4.2,102000,4.0,Gas
509,Rimac,C_Two,2021,1914,1696,1.9,2400000,,Electric
510,Rolls-Royce,Wraith,2021,624,605,4.4,335550,6.8,Gas
511,Tesla,Model S Plaid,2021,1020,1050,1.9,141990,,Electric
512,Toyota,GR Supra,2022,382,368,3.9,43090,3.0,Gas
513,TVR,Griffith,2021,500,420,3.9,157500,5.0,Gas
514,Ultima,RS,2021,1200,1300,2.3,220000,6.2,Gas
515,W Motors,Fenyr SuperSport,2022,800,723,2.7,1550000,3.8,Gas
516,Acura,NSX,2021,573,476,2.9,157500,3.5,Gas
517,Aston Martin,DBS Superleggera,2022,715,663,3.2,308000,5.2,Gas
518,Bentley,Continental GT,2021,626,664,3.6,202500,6.0,Gas
519,Bugatti,Chiron,2021,1500,1180,2.3,3000000,8.0,Gas
520,Dodge,Challenger SRT Hellcat,2021,717,656,3.5,65000,6.2,Gas
521,Jaguar,F-Type,2021,380,339,4.9,63100,3.0,Gas
522,Lexus,LC 500,2021,471,398,4.4,92950,5.0,Gas
523,Lotus,Evija,2022,1973,1254,2.5,2600000,,Electric
524,Maserati,GranTurismo,2021,454,384,4.8,134300,4.7,Gas
525,Porsche,Taycan,2021,616,774,2.6,185000,,Electric
526,Rimac,C_Two,2022,1914,1696,1.9,2400000,,Electric
527,Tesla,Model S Plaid,2022,1020,1050,1.98,140000,,Electric
528,McLaren,Artura,2022,671,531,3.0,225000,3.0,Gas
529,Mercedes-Benz,AMG GT Black Series,2021,720,590,3.1,325000,4.0,Gas
530,Chevrolet,Camaro ZL1,2021,650,650,3.5,63000,6.2,Gas
531,Ford,GT,2021,647,550,3.0,500000,3.5,Gas
532,Aston Martin,DBS Superleggera,2021,715,664,3.4,307820,5.2,Gas
533,Jaguar,F-Type,2022,575,516,3.5,103200,5.0,Gas
534,Dodge,Challenger SRT Hellcat Redeye,2021,797,707,3.5,80190,6.2,Gas
535,Lotus,Evora GT,2022,416,317,3.8,105000,3.5,Gas
536,Alfa Romeo,4C Spider,2020,237,258,4.1,68745,1.8,Gas
537,Subaru,WRX STI,2022,310,290,5.2,38170,2.5,Gas
538,Acura,NSX,2022,573,476,2.7,157500,3.5,Gas
539,Koenigsegg,Jesko,2021,1280,1015,2.5,2800000,5.0,Gas
540,Tesla,Model S Plaid,2022,1020,1050,1.98,139990,,Electric
541,Bugatti,Chiron Super Sport 300+,2022,1578,1180,2.3,5200000,8.0,Gas
542,McLaren,Senna,2020,789,590,2.7,1500000,4.0,Gas
543,Porsche,Taycan Turbo S,2022,750,774,2.6,185000,,Electric
544,Mercedes-Benz,SLS AMG Black Series,2014,622,468,3.5,275000,6.2,Gas
545,Lexus,LC 500,2022,471,398,4.4,93050,5.0,Gas
546,Chevrolet,Camaro ZL1,2022,650,650,3.5,65000,6.2,Gas
547,Audi,RS 7 Sportback,2022,591,590,3.5,114000,4.0,Gas
548,Ford,GT,2022,660,550,3.0,500000,3.5,Gas
549,BMW,M2 CS,2022,444,406,3.8,84595,3.0,Gas
550,Porsche,Cayman GT4,2022,414,309,4.2,102550,4.0,Gas
551,Lamborghini,Aventador,2022,770,531,2.8,393695,6.5,Gas
552,Aston Martin,Vantage,2021,503,505,3.6,146000,4.0,Gas
553,Lotus,Evora GT,2021,416,317,3.8,96950,3.5,Gas
554,Porsche,Panamera Turbo S,2021,620,604,2.9,180000,4.0,Gas
555,Lamborghini,Aventador S,2022,729,507,2.9,460247,6.5,Gas
556,Ferrari,SF90 Stradale,2021,986,590,2.5,625000,4.0,Hybrid
557,Audi,RS 6 Avant,2022,591,590,3.1,110045,4.0,Gas
558,McLaren,570S,2021,562,443,3.1,192500,3.8,Gas
559,BMW,M5,2022,600,553,3.2,103500,4.4,Gas
560,Mercedes-Benz,AMG C 63 S,2021,503,516,3.7,77400,4.0,Gas
561,Chevrolet,Camaro ZL1,2021,650,650,3.5,64695,6.2,Gas
562,Dodge,Challenger SRT Hellcat,2021,717,656,3.5,64195,6.2,Gas
563,Ford,GT,2021,660,550,3.0,500000,3.5,Gas
564,Nissan,370Z Nismo,2020,350,276,5.0,46815,3.7,Gas
565,Porsche,Cayman GT4,2021,414,309,4.2,102550,4.0,Gas
566,Audi,TT RS,2021,394,354,3.6,67895,2.5,Gas
567,Chevrolet,Corvette Z06,2023,625,650,2.6,85000,5.5,Gas
568,Lamborghini,Urus,2022,641,626,3.2,218009,4.0,Gas
569,Mercedes-Benz,AMG GT 63 S,2021,630,664,3.1,162900,4.0,Gas
570,Ferrari,Portofino M,2022,612,560,3.5,245000,3.9,Gas
571,Bugatti,Chiron,2021,1479,1180,2.5,3000000,8.0,Gas
572,Aston Martin,DBS Superleggera,2021,715,664,3.4,304995,5.2,Gas
573,Lotus,Evora GT,2021,416,317,3.8,100450,3.5,Gas
574,Porsche,Cayman GT4,2022,414,309,4.2,100200,4.0,Gas
575,Acura,NSX,2021,573,476,2.7,157500,3.5,Gas
576,Lexus,LC,2021,471,398,4.4,92950,5.0,Gas
577,Alfa Romeo,Giulia Quadrifoglio,2021,505,443,3.8,74750,2.9,Gas
578,Audi,RS7,2021,591,590,3.5,114000,4.0,Gas
579,Bentley,Continental GT,2021,626,664,3.3,218400,6.0,Gas
580,BMW,M5,2021,600,553,3.2,103500,4.4,Gas
581,Chevrolet,Camaro ZL1,2021,650,650,3.5,64695,6.2,Gas
582,Dodge,Challenger Hellcat,2021,717,656,3.5,70595,6.2,Gas
583,Ford,GT,2022,647,550,3.0,500000,3.5,Gas
584,Jaguar,F-Type R,2021,575,516,3.5,103200,5.0,Gas
585,Lamborghini,Aventador,2021,730,509,2.9,393695,6.5,Gas
586,McLaren,570S,2021,562,443,3.1,203500,3.8,Gas
587,Mercedes-Benz,SLS AMG,2015,583,479,3.6,221580,6.2,Gas
588,Nissan,370Z Nismo,2020,350,276,4.7,47190,3.7,Gas
589,Porsche,Boxster,2021,300,280,4.9,62000,2.0,Gas
590,Porsche,718 Cayman,2022,300,280,4.9,61500,2.0,Gas
591,Lamborghini,Aventador,2021,759,531,2.9,393695,6.5,Gas
592,Ferrari,Roma,2021,612,561,3.3,222630,3.9,Gas
593,Audi,RS 5,2022,444,442,3.5,75400,2.9,Gas
594,McLaren,570S,2020,562,443,3.1,208000,3.8,Gas
595,BMW,M2,2022,405,406,4.2,58900,3.0,Gas
596,Mercedes-Benz,SL,2022,429,384,4.9,96250,3.0,Gas
597,Chevrolet,Camaro,2021,455,455,4.0,25000,6.2,Gas
598,Ford,GT,2022,660,550,3.0,500000,3.5,Gas
599,Nissan,370Z Nismo,2021,350,276,5.0,45000,3.7,Gas
600,Aston Martin,DBS Superleggera,2021,715,664,3.4,307820,5.2,Gas
601,Lotus,Evora GT,2021,416,317,3.8,100450,3.5,Gas
602,Maserati,GranTurismo,2021,454,384,4.7,134300,4.7,Gas
603,Porsche,Panamera,2022,325,331,5.2,88550,2.9,Gas
604,Lamborghini,Urus,2021,641,627,3.6,218009,4.0,Gas
605,Ferrari,SF90 Stradale,2021,986,590,2.5,625000,4.0,Hybrid
606,Audi,RS 6,2022,591,590,3.5,109000,4.0,Gas
607,McLaren,Artura,2022,671,531,3.0,225000,3.0,Gas
608,Porsche,Taycan 4S,2021,429,472,3.8,103800,,Electric
609,Lamborghini,Aventador S,2021,730,509,2.9,417650,6.5,Gas
610,Ferrari,SF90 Stradale,2021,986,590,2.5,625000,4.0,Hybrid
611,Audi,RS 7,2022,591,590,3.5,117000,4.0,Gas
612,McLaren,570S,2021,562,443,3.1,192500,3.8,Gas
613,BMW,M4,2021,473,406,4.0,72800,3.0,Gas
614,Mercedes-Benz,SLS AMG,2015,622,468,3.5,228000,6.2,Gas
615,Chevrolet,Camaro SS,2021,455,455,4.0,42000,6.2,Gas
616,Ford,GT,2021,660,550,3.0,500000,3.5,Gas
617,Nissan,370Z Nismo,2021,350,276,5.0,48000,3.7,Gas
618,Aston Martin,DBS Superleggera,2021,715,664,3.2,307820,5.2,Gas
619,Lexus,LC 500,2021,471,398,4.4,93000,5.0,Gas
620,Bentley,Continental GT,2021,626,664,3.3,202500,4.0,Gas
621,Maserati,GranTurismo,2021,454,384,4.7,150980,4.7,Gas
622,Tesla,Model S Plaid,2022,1020,1050,1.98,131190,,Electric
623,Rolls-Royce,Dawn,2021,563,605,4.3,346300,6.6,Gas
624,Bugatti,Chiron Pur Sport,2021,1500,1180,2.3,3599000,8.0,Gas
625,McLaren,Senna,2019,789,590,2.7,1050000,4.0,Gas
626,Porsche,Panamera Turbo S E-Hybrid,2021,690,641,3.0,186350,4.0,Hybrid
627,Acura,NSX,2021,573,476,2.7,157500,3.5,Gas
628,Aston Martin,DB11,2021,503,498,3.7,205600,4.0,Gas
629,Audi,RS7,2021,591,590,3.5,114000,4.0,Gas
630,Bentley,Continental GT,2021,626,664,3.6,201000,6.0,Gas
631,Bugatti,Chiron,2021,1500,1180,2.5,3000000,8.0,Gas
632,Chevrolet,Camaro ZL1,2022,650,650,3.5,67000,6.2,Gas
633,Dodge,Challenger Hellcat,2021,717,656,3.5,64000,6.2,Gas
634,Ferrari,812 Superfast,2021,789,530,2.8,340000,6.5,Gas
635,Lamborghini,Aventador SVJ,2021,770,531,2.8,517770,6.5,Gas
636,McLaren,600LT Spider,2021,592,457,2.8,256500,3.8,Gas
637,Mercedes-AMG,GT Black Series,2021,720,590,3.1,325000,4.0,Gas
638,Nissan,400Z,2023,400,350,4.0,40000,3.0,Gas
639,Porsche,Cayman GT4,2021,414,309,4.2,101000,4.0,Gas
640,Rimac,Nevera,2021,1914,1696,1.9,2400000,,Electric
641,Rolls-Royce,Wraith,2021,624,605,4.4,330000,6.8,Gas
642,Tesla,Model S Plaid,2021,1020,1050,1.9,139990,,Electric
643,Toyota,Supra,2021,382,368,3.9,43000,3.0,Gas
644,Porsche,718 Boxster,2021,300,280,4.9,62000,2.0,Gas
645,Porsche,718 Boxster,2022,300,280,4.9,62000,2.0,Gas
646,Lamborghini,Aventador S,2021,730,509,2.9,417826,6.5,Gas
647,Ferrari,SF90 Stradale,2022,986,590,2.5,625000,4.0,Hybrid
648,Audi,RS 7,2022,591,590,3.5,114000,4.0,Gas
649,McLaren,Artura,2021,671,531,3.0,225000,3.0,Gas
650,BMW,M2,2022,405,406,4.1,58900,3.0,Gas
651,Mercedes-Benz,SLS AMG,2015,583,479,3.6,221580,6.2,Gas
652,Chevrolet,Camaro ZL1,2021,650,650,3.5,64695,6.2,Gas
653,Ford,GT,2022,647,550,3.0,500000,3.5,Gas
654,Nissan,370Z Nismo,2021,350,276,4.8,45000,3.7,Gas
655,Dodge,Charger Hellcat,2021,707,650,3.6,69995,6.2,Gas
656,Aston Martin,DBS Superleggera,2021,715,663,3.2,305000,5.2,Gas
657,Alfa Romeo,Giulia Quadrifoglio,2021,505,443,3.8,75000,2.9,Gas
658,Audi,TT RS,2021,394,354,3.6,68000,2.5,Gas
659,Bentley,Continental GT,2021,626,664,3.6,203825,6.0,Gas
660,BMW,M5,2022,600,553,3.2,103500,4.4,Gas
661,Chevrolet,Corvette Stingray,2021,495,470,2.9,58900,6.2,Gas
662,Dodge,Challenger SRT Hellcat,2021,717,656,3.5,63000,6.2,Gas
663,Ford,Mustang GT,2022,460,420,4.0,45000,5.0,Gas
664,Porsche,Cayman,2022,300,280,4.9,59900,2.0,Gas
665,Lamborghini,Aventador,2021,770,531,2.8,417826,6.5,Gas
666,Ferrari,Roma,2022,612,560,3.3,222630,3.9,Gas
667,Audi,RS7,2022,591,590,3.5,114000,4.0,Gas
668,McLaren,570S,2021,562,443,2.7,204995,3.8,Gas
669,BMW,M4,2022,473,406,4.1,71800,3.0,Gas
670,Mercedes-Benz,SLS AMG,2021,622,468,3.5,243600,6.2,Gas
671,Chevrolet,Camaro SS,2021,455,455,4.0,42000,6.2,Gas
672,Ford,GT,2022,660,550,2.8,500000,3.5,Gas
673,Nissan,370Z Nismo,2021,350,276,5.0,47190,3.7,Gas
674,Porsche,Panamera,2022,325,331,5.4,88550,2.9,Gas
675,Lamborghini,Urus,2021,641,627,3.2,218000,4.0,Gas
676,Ferrari,SF90 Stradale,2021,986,590,2.5,625000,4.0,Hybrid
677,Audi,RS6,2022,591,590,3.5,113000,4.0,Gas
678,McLaren,Artura,2021,671,531,3.0,225000,3.0,Gas
679,BMW,M2,2022,405,406,4.0,58900,3.0,Gas
680,Mercedes-Benz,GT 63,2021,577,590,3.3,161200,4.0,Gas
681,Chevrolet,Camaro ZL1,2021,650,650,3.5,63000,6.2,Gas
682,Aston Martin,DBS Superleggera,2021,715,663,3.2,310000,5.2,Gas
683,Bugatti,Chiron,2022,1500,1180,2.4,3000000,8.0,Gas
684,Koenigsegg,Jesko,2021,1280,1106,2.5,2800000,5.0,Gas
685,Pagani,Huayra,2021,764,737,3.0,2600000,6.0,Gas
686,Rimac,C_Two,2022,1914,1696,1.85,2400000,,Electric
687,McLaren,Senna,2021,789,590,2.7,1000000,4.0,Gas
688,Porsche,918 Spyder,2015,887,944,2.2,1800000,4.6,Gas
689,Ferrari,SF90 Stradale,2021,986,590,2.5,625000,4.0,Hybrid
690,Lamborghini,Aventador SVJ,2020,759,531,2.8,517000,6.5,Gas
691,Audi,RS 6 Avant,2021,591,590,3.5,110000,4.0,Gas
692,Bentley,Continental GT Speed,2022,650,664,3.5,300000,6.0,Gas
693,Chevrolet,Camaro ZL1,2021,650,650,3.5,68000,6.2,Gas
694,Dodge,Challenger SRT Hellcat,2021,717,656,3.5,65000,6.2,Gas
695,Ford,GT,2021,660,550,2.9,500000,3.5,Gas
696,Lexus,LC 500,2022,471,398,4.4,92000,5.0,Gas
697,Lotus,Evija,2022,1972,1254,2.5,2700000,,Electric
698,Mercedes-AMG,GT Black Series,2021,720,590,3.1,330000,4.0,Gas
699,Aston Martin,DB11,2021,503,513,3.9,205000,4.0,Gas
700,Bentley,Continental GT,2022,542,568,3.9,229000,4.0,Gas
701,Jaguar,F-Type,2022,296,295,5.4,62750,2.0,Gas
702,Lotus,Evora GT,2021,416,317,3.8,100000,3.5,Gas
703,Maserati,GranTurismo,2021,454,384,4.7,135000,4.7,Gas
704,Porsche,Boxster,2022,300,280,4.9,63000,2.0,Gas
705,Alfa Romeo,4C,2020,237,258,4.2,67150,1.8,Gas
706,Chevrolet,Camaro,2022,455,455,4.0,62195,6.2,Gas
707,Dodge,Challenger,2022,305,268,6.4,28000,3.6,Gas
708,Ford,GT,2022,660,550,2.9,500000,3.5,Gas
709,Audi,RS7,2022,591,590,3.5,115045,4.0,Gas
710,BMW,M4,2022,473,406,4.1,71800,3.0,Gas
711,Lamborghini,Aventador,2021,729,507,2.9,393695,6.5,Gas
712,Mercedes-Benz,AMG C 63,2021,469,479,3.8,69900,4.0,Gas
713,Nissan,370Z,2021,350,276,5.3,30090,3.7,Gas
714,Porsche,Cayman,2022,300,280,4.9,68000,2.0,Gas
715,BMW,i8,2022,369,184,4.2,147500,1.5,Hybrid
716,Chevrolet,Corvette Stingray,2021,495,470,2.9,58900,6.2,Gas
717,Porsche,Taycan Turbo S,2022,750,774,2.6,185000,,Electric
718,Lamborghini,Aventador S,2021,729,507,2.9,417650,6.5,Gas
719,Ferrari,SF90 Stradale,2022,986,590,2.5,625000,4.0,Hybrid
720,Audi,RS7,2022,591,590,3.5,115000,4.0,Gas
721,McLaren,GT,2022,620,465,3.1,208000,4.0,Gas
722,BMW,M5,2022,600,553,3.2,103500,4.4,Gas
723,Mercedes-Benz,SLS AMG,2021,730,590,2.9,250000,4.0,Gas
724,Chevrolet,Camaro ZL1,2021,650,650,3.5,63000,6.2,Gas
725,Ford,GT,2022,660,550,2.8,500000,3.5,Gas
726,Nissan,370Z Nismo,2021,350,276,5.0,46100,3.7,Gas
727,Porsche,Panamera Turbo S,2022,630,604,3.1,180000,4.0,Gas
728,Lamborghini,Urus,2021,641,627,3.2,218000,4.0,Gas
729,Ferrari,Portofino,2022,591,561,3.4,250000,3.9,Gas
730,Audi,TT RS,2022,394,354,3.6,70000,2.5,Gas
731,McLaren,570S,2021,562,443,3.1,200000,3.8,Gas
732,BMW,i8,2022,369,184,4.2,148500,1.5,Hybrid
733,Porsche,718 Cayman,2022,300,280,4.9,61500,2.0,Gas
734,Lamborghini,Aventador,2021,770,531,2.8,417826,6.5,Gas
735,Ferrari,Portofino,2022,612,561,3.3,245000,3.9,Gas
736,Audi,TT RS,2022,394,354,3.6,67800,2.5,Gas
737,McLaren,GT,2022,620,465,3.1,211300,4.0,Gas
738,BMW,M4,2022,473,406,4.1,71800,3.0,Gas
739,Mercedes-Benz,SLS AMG,2015,622,468,3.5,222500,6.2,Gas
740,Chevrolet,Camaro SS,2022,455,455,4.0,43995,6.2,Gas
741,Ford,GT,2022,660,550,2.9,500000,3.5,Gas
742,Nissan,370Z Nismo,2021,350,276,4.8,45790,3.7,Gas
743,Porsche,911 Turbo S,2022,640,590,2.6,208000,3.8,Gas
744,McLaren,765LT,2021,755,590,2.8,358000,4.0,Gas
745,Lamborghini,Urus,2021,641,627,3.6,218009,4.0,Gas
746,Mercedes-AMG,GT Black Series,2021,720,590,3.1,325000,4.0,Gas
747,BMW,M5 Competition,2022,617,553,3.1,103500,4.4,Gas
748,Audi,RS7,2022,591,590,3.5,115000,4.0,Gas
749,Aston Martin,Vantage,2022,503,505,3.5,152995,4.0,Gas
750,Ferrari,F8 Spider,2021,710,568,2.9,274280,3.9,Gas
751,Lexus,LC 500,2022,471,398,4.4,102550,5.0,Gas
752,Porsche,Taycan,2022,469,479,3.8,79900,,Electric
753,Lamborghini,Aventador SVJ,2021,759,531,2.8,517770,6.5,Gas
754,Ferrari,SF90 Stradale,2021,986,590,2.5,625000,4.0,Hybrid
755,Audi,RS6 Avant,2021,591,590,3.5,109000,4.0,Gas
756,McLaren,600LT Spider,2021,592,457,2.8,256500,3.8,Gas
757,BMW,M4,2022,473,406,3.8,71800,3.0,Gas
758,Mercedes-Benz,AMG GT R,2021,577,516,3.5,180000,4.0,Gas
759,Chevrolet,Camaro ZL1,2021,650,650,3.5,64695,6.2,Gas
760,Ford,GT,2022,660,550,3.0,500000,3.5,Gas
761,Nissan,370Z Nismo,2021,350,276,5.0,48000,3.7,Gas
762,Porsche,Panamera Turbo S E-Hybrid,2021,690,642,3.0,190000,4.0,Hybrid
763,Lamborghini,Urus,2021,641,627,3.5,218000,4.0,Gas
764,Ferrari,Portofino M,2021,612,561,3.4,235000,3.9,Gas
765,Audi,TT RS,2022,394,354,3.6,67600,2.5,Gas
766,McLaren,Artura,2022,671,531,3.0,225000,3.0,Gas
767,BMW,M2 CS,2022,444,406,3.8,84595,3.0,Gas
768,Mercedes-Benz,SLS AMG Black Series,2021,622,468,3.5,335000,6.2,Gas
769,Chevrolet,Camaro SS,2021,455,455,4.0,42000,6.2,Gas
770,Porsche,718 Boxster,2022,300,280,4.9,63000,2.0,Gas
771,Lamborghini,Aventador SVJ,2020,759,531,2.8,573966,6.5,Gas
772,Ferrari,SF90 Stradale,2022,986,590,2.5,625000,4.0,Hybrid
773,Audi,TT RS Coupe,2022,394,354,3.5,68000,2.5,Gas
774,McLaren,GT,2020,612,465,3.1,210000,4.0,Gas
775,BMW,Z4 Roadster,2022,255,295,5.2,50000,2.0,Gas
776,Mercedes-Benz,SLS AMG,2015,622,468,3.6,200000,6.2,Gas
777,Chevrolet,Camaro SS Convertible,2022,455,455,4.0,49000,6.2,Gas
778,Ford,GT,2021,660,550,2.9,500000,3.5,Gas
779,Nissan,370Z Coupe,2020,332,270,5.0,30090,3.7,Gas
780,Aston Martin,Vantage,2021,503,505,3.6,142086,4.0,Gas
781,Bentley,Continental GT,2022,626,664,3.3,225000,6.0,Gas
782,Bugatti,Chiron,2021,1479,1180,2.4,3000000,8.0,Gas
783,Dodge,Challenger SRT Hellcat,2022,717,656,3.5,68000,6.2,Gas
784,Jaguar,F-Type,2022,296,295,5.4,63700,2.0,Gas
785,Lotus,Evora GT,2021,416,317,3.8,100000,3.5,Gas
786,Maserati,GranTurismo,2022,454,384,4.7,150980,4.7,Gas
787,Aston Martin,DBS Superleggera,2021,715,664,3.2,304995,5.2,Gas
788,Lotus,Evora GT,2021,416,317,3.8,98395,3.5,Gas
789,Porsche,Panamera Turbo S E-Hybrid,2021,689,642,3.0,190000,4.0,Hybrid
790,Lamborghini,Aventador SVJ,2021,759,531,2.8,517000,6.5,Gas
791,Ferrari,SF90 Stradale,2021,986,590,2.5,625000,4.0,Hybrid
792,Audi,RS7,2022,591,590,3.5,117000,4.0,Gas
793,Mercedes-Benz,S63 AMG,2021,603,664,3.4,168000,4.0,Gas
794,Chevrolet,Camaro ZL1,2021,650,650,3.5,64500,6.2,Gas
795,Ford,GT,2021,660,550,2.8,500000,3.5,Gas
796,Nissan,370Z Nismo,2021,350,276,4.7,46000,3.7,Gas
797,Porsche,718 Cayman GT4,2022,414,309,4.2,102000,4.0,Gas
798,Mercedes-AMG,C63 S Coupe,2021,503,516,3.7,77500,4.0,Gas
799,Aston Martin,Vantage,2021,503,505,3.5,147000,4.0,Gas
800,McLaren,570S,2021,562,443,3.1,193000,3.8,Gas
801,BMW,M5,2022,600,553,3.2,103500,4.4,Gas
802,Dodge,Challenger SRT Hellcat,2021,717,656,3.5,64000,6.2,Gas
803,Lexus,LC 500,2021,471,398,4.4,92950,5.0,Gas
804,Mercedes-AMG,GT 63 S,2021,630,664,3.1,162000,4.0,Gas
805,Audi,TT RS,2021,394,354,3.6,67600,2.5,Gas
806,Acura,NSX,2021,573,476,2.9,157500,3.5,Gas
807,Porsche,Cayman GT4,2021,414,309,4.2,102000,4.0,Gas
808,Lamborghini,Aventador S,2021,730,509,2.9,417826,6.5,Gas
809,Ferrari,SF90 Stradale,2021,986,590,2.5,625000,4.0,Hybrid
810,Audi,RS 5,2022,444,443,3.5,76700,2.9,Gas
811,McLaren,570S Spider,2020,562,443,3.1,208800,3.8,Gas
812,BMW,M2 Competition,2022,405,406,4.2,58900,3.0,Gas
813,Mercedes-Benz,C 63 AMG,2022,469,479,3.9,69000,4.0,Gas
814,Chevrolet,Camaro SS,2021,455,455,4.0,42000,6.2,Gas
815,Ford,Mustang GT,2022,460,420,4.5,43000,5.0,Gas
816,Dodge,Challenger R/T,2021,372,400,5.1,35000,5.7,Gas
817,Aston Martin,Vantage,2021,503,505,3.6,151000,4.0,Gas
818,Lotus,Evora GT,2021,416,317,3.8,105000,3.5,Gas
819,Alfa Romeo,4C Spider,2020,237,258,4.1,69000,1.7,Gas
820,Jaguar,F-Type,2022,296,295,5.4,62500,2.0,Gas
821,Tesla,Roadster,2022,1000,737,1.9,200000,,Electric
822,Koenigsegg,Jesko,2022,1600,1106,2.5,3000000,5.0,Gas
823,Bugatti,Chiron Super Sport 300+,2021,1578,1180,2.4,5200000,8.0,Gas
824,Rimac,Nevera,2021,1914,1696,1.85,2400000,,Electric
825,Porsche,Cayman GT4,2022,414,309,4.2,102100,4.0,Gas
826,Chevrolet,Camaro ZL1,2022,650,650,3.5,63000,6.2,Gas
827,Aston Martin,Vantage,2021,503,505,3.5,142086,4.0,Gas
828,Alfa Romeo,Giulia Quadrifoglio,2022,505,443,3.8,83250,2.9,Gas
829,Dodge,Challenger SRT Hellcat,2021,717,656,3.5,65000,6.2,Gas
830,Lexus,LC 500,2022,471,398,4.4,93050,5.0,Gas
831,Audi,RS 7 Sportback,2021,591,590,3.5,114000,4.0,Gas
832,BMW,M4 Competition,2022,503,479,3.8,74700,3.0,Gas
833,Mercedes-Benz,C63 S AMG,2022,503,516,3.9,77600,4.0,Gas
834,Ford,GT,2022,660,550,2.9,500000,3.5,Gas
835,McLaren,GT,2021,620,465,3.1,210000,4.0,Gas
836,Porsche,Panamera Turbo S,2022,630,604,2.9,181100,4.0,Gas
837,Lamborghini,Aventador S,2021,730,507,2.9,417826,6.5,Gas
838,Aston Martin,DBS Superleggera,2022,715,664,3.2,329100,5.2,Gas
839,Audi,TT RS,2022,394,354,3.6,67600,2.5,Gas
840,Mercedes-Benz,AMG C43 Coupe,2021,385,384,4.5,59900,3.0,Gas
841,BMW,i8,2022,369,184,4.2,147500,1.5,Hybrid
842,Chevrolet,Corvette Stingray,2021,490,465,2.9,59900,6.2,Gas
843,Porsche,Taycan,2022,469,263,3.8,81250,,Electric
844,Lamborghini,Aventador,2021,730,509,2.9,517000,6.5,Gas
845,Ferrari,Roma,2021,611,560,3.3,222620,3.9,Gas
846,Audi,RS7,2022,591,590,3.5,115000,4.0,Gas
847,McLaren,GT,2021,612,465,3.1,210000,4.0,Gas
848,BMW,M2,2022,405,406,4.2,58900,3.0,Gas
849,Mercedes-Benz,C63 AMG,2021,469,479,3.9,77000,4.0,Gas
850,Chevrolet,Camaro SS,2021,455,455,4.1,43995,6.2,Gas
851,Ford,Mustang Mach 1,2021,480,420,4.1,51720,5.0,Gas
852,Nissan,370Z Nismo,2021,350,276,4.8,46610,3.7,Gas
853,Porsche,Panamera,2022,325,331,5.3,88550,2.9,Gas
854,Lamborghini,Urus,2021,641,627,3.6,218009,4.0,Gas
855,Ferrari,SF90 Stradale,2021,986,590,2.5,625000,4.0,Hybrid
856,Audi,RS6,2022,591,590,3.5,120000,4.0,Gas
857,McLaren,570S,2021,562,443,3.1,192500,3.8,Gas
858,BMW,M4,2022,503,479,3.8,74000,3.0,Gas
859,Mercedes-Benz,AMG A45,2021,382,354,4.0,50000,2.0,Gas
860,Chevrolet,Camaro ZL1,2021,650,650,3.5,63995,6.2,Gas
861,Acura,NSX,2021,573,476,2.7,157500,3.5,Gas
862,Aston Martin,Vantage,2021,503,505,3.5,142086,4.0,Gas
863,Bentley,Continental GT,2021,542,568,3.3,202500,4.0,Gas
864,Bugatti,Chiron,2022,1479,1180,2.4,2900000,8.0,Gas
865,Ferrari,F8 Tributo,2022,710,568,2.8,275000,3.9,Gas
866,Lamborghini,Aventador,2021,730,509,2.9,517000,6.5,Gas
867,McLaren,GT,2021,612,465,3.1,201500,4.0,Gas
868,Mercedes-Benz,AMG GT R,2021,577,516,3.5,183000,4.0,Gas
869,Porsche,Taycan Turbo S,2021,750,774,2.6,185000,,Electric
870,Audi,RS7,2021,591,590,3.5,114000,4.0,Gas
871,BMW,M4,2021,473,406,4.1,71800,3.0,Gas
872,Chevrolet,Camaro ZL1,2021,650,650,3.5,63000,6.2,Gas
873,Dodge,Challenger SRT Hellcat Redeye,2022,797,707,3.5,80190,6.2,Gas
874,Ford,GT,2022,660,550,2.8,500000,3.5,Gas
875,Jaguar,F-Type,2021,380,339,4.4,62750,3.0,Gas
876,Lexus,LC 500,2021,471,398,4.4,92000,5.0,Gas
877,Lotus,Evija,2021,2000,1254,2.8,2800000,,Electric
878,Maserati,GranTurismo,2021,550,384,2.8,200000,4.7,Gas
879,Nissan,370Z,2021,332,270,5.0,30090,3.7,Gas
880,Rolls-Royce,Ghost,2021,563,627,4.6,332500,6.8,Gas
881,Porsche,Taycan,2021,402,254,5.1,81250,,Electric
882,Aston Martin,DB11,2021,630,516,3.7,198995,4.0,Gas
883,Lotus,Evora GT,2021,416,317,3.8,105000,3.5,Gas
884,Acura,NSX,2022,573,476,2.7,157500,3.5,Gas
885,Tesla,Roadster,2022,10000,737,1.9,200000,,Electric
886,Chevrolet,Camaro,2022,455,455,4.0,25000,6.2,Gas
887,Dodge,Charger,2021,797,707,3.3,72000,6.2,Gas
888,Jaguar,F-Type,2021,380,339,4.9,62750,3.0,Gas
889,Lexus,LC 500,2021,471,398,4.4,93000,5.0,Gas
890,BMW,M4,2022,473,406,4.1,71800,3.0,Gas
891,Ford,GT,2021,660,550,2.9,500000,3.5,Gas
892,Maserati,GranTurismo,2021,454,384,4.7,150980,4.7,Gas
893,McLaren,600LT,2021,592,457,2.8,256500,3.8,Gas
894,Mercedes-Benz,SLS AMG,2021,622,468,3.6,254995,6.2,Gas
895,Nissan,370Z,2021,332,270,5.2,30000,3.7,Gas
896,Audi,RS 7,2021,591,590,3.4,114000,4.0,Gas
897,Bentley,Continental GT,2021,542,568,3.9,220000,4.0,Gas
898,Bugatti,Chiron,2021,1500,1180,2.4,3000000,8.0,Gas
899,Porsche,Cayman,2022,300,280,4.5,59900,2.0,Gas
900,Aston Martin,Vantage,2021,503,505,3.5,147000,4.0,Gas
901,Alfa Romeo,4C Spider,2020,237,258,4.1,67150,1.7,Gas
902,Audi,RS 5,2022,444,443,3.5,75100,2.9,Gas
903,BMW,M2,2022,405,406,4.0,58900,3.0,Gas
904,Dodge,Challenger SRT Hellcat,2021,717,656,3.5,60695,6.2,Gas
905,Ferrari,F8 Spider,2022,710,568,2.9,274390,3.9,Gas
906,Jaguar,F-Type,2021,296,295,5.4,64700,3.0,Gas
907,Lamborghini,Aventador,2021,759,531,2.9,517770,6.5,Gas
908,Lexus,LC 500,2022,471,398,4.4,92950,5.0,Gas
909,Lotus,Evora GT,2021,416,317,3.8,99990,3.5,Gas
910,Maserati,GranTurismo,2021,454,384,4.7,150800,4.7,Gas
911,McLaren,GT,2021,612,465,3.1,210000,4.0,Gas
912,Mercedes-Benz,AMG C 63,2021,469,479,3.8,67600,4.0,Gas
913,Nissan,370Z Nismo,2021,350,276,4.5,45790,3.7,Gas
914,Porsche,Panamera,2022,325,331,5.3,88800,2.9,Gas
915,Subaru,WRX STI,2021,310,290,5.2,38170,2.5,Gas
916,Tesla,Roadster,2022,10000,737,1.9,200000,,Electric
917,Porsche,718 Cayman,2022,300,280,4.9,61500,2.0,Gas
918,Lamborghini,Aventador,2021,729,509,2.9,393695,6.5,Gas
919,Ferrari,SF90 Stradale,2022,986,590,2.5,625000,4.0,Hybrid
920,Audi,RS5 Coupe,2022,444,443,3.5,76350,2.9,Gas
921,McLaren,570S,2021,562,443,3.1,202000,3.8,Gas
922,BMW,M2,2022,405,406,4.0,58900,3.0,Gas
923,Mercedes-Benz,SL,2022,429,384,4.4,96000,3.0,Gas
924,Chevrolet,Camaro,2021,455,455,4.0,25000,6.2,Gas
925,Ford,GT,2022,660,550,2.8,500000,3.5,Gas
926,Nissan,370Z,2021,332,270,5.3,33000,3.7,Gas
927,Alfa Romeo,Giulia Quadrifoglio,2021,505,443,3.8,75250,2.9,Gas
928,Aston Martin,DB11,2022,630,516,3.7,201495,4.0,Gas
929,Bentley,Continental GT,2021,626,664,3.3,201000,6.0,Gas
930,Dodge,Challenger,2021,485,475,3.8,62000,6.4,Gas
931,Jaguar,F-Type R,2022,575,516,3.5,103200,5.0,Gas
932,Lexus,LC 500,2022,471,398,4.4,92950,5.0,Gas
933,Lotus,Evora GT,2021,416,317,3.8,99000,3.5,Gas
934,Maserati,GranTurismo,2021,454,384,4.7,150000,4.7,Gas
935,Porsche,Cayman GT4,2021,414,309,4.2,102500,4.0,Gas
936,Aston Martin,Vantage,2022,503,505,3.5,149995,4.0,Gas
937,Dodge,Charger SRT Hellcat,2022,717,650,3.5,78595,6.2,Gas
938,Audi,RS 7,2021,591,590,3.5,114000,4.0,Gas
939,Chevrolet,Camaro SS,2022,455,455,4.1,37500,6.2,Gas
940,Ford,Mustang GT,2022,460,420,4.0,38500,5.0,Gas
941,Jaguar,F-Type R,2022,575,516,3.5,103200,5.0,Gas
942,Lexus,LC 500,2022,471,398,4.4,92950,5.0,Gas
943,McLaren,570S,2021,562,443,3.1,208800,3.8,Gas
944,Mercedes-Benz,AMG C63,2022,469,479,3.8,71450,4.0,Gas
945,Nissan,370Z Nismo,2021,350,276,4.9,47820,3.7,Gas
946,Porsche,Panamera GTS,2021,473,457,3.9,134150,4.0,Gas
947,Audi,TT RS,2022,394,354,3.6,67600,2.5,Gas
948,BMW,M4,2021,473,406,3.8,71800,3.0,Gas
949,Ferrari,F8 Tributo,2021,710,568,2.8,274280,3.9,Gas
950,Lamborghini,Aventador,2021,770,531,2.9,393695,6.5,Gas
951,McLaren,GT,2021,612,465,3.1,250000,4.0,Gas
952,Mercedes-Benz,AMG GT 4-Door Coupe,2021,630,664,3.1,171200,4.0,Gas
953,Aston Martin,DBS Superleggera,2022,715,663,3.4,321000,5.2,Gas
954,Lotus,Evora GT,2021,416,317,3.8,100500,3.5,Gas
955,Porsche,Taycan Turbo S,2021,750,774,2.6,185000,,Electric
956,McLaren,570S,2021,562,443,3.1,195000,3.8,Gas
957,Lamborghini,Aventador SVJ,2021,759,531,2.8,517770,6.5,Gas
958,Ford,GT,2021,660,550,3.0,500000,3.5,Gas
959,Audi,RS7 Sportback,2022,591,590,3.5,114000,4.0,Gas
960,BMW,M4,2022,473,406,4.1,72800,3.0,Gas
961,Mercedes-AMG,C63 S,2022,503,516,3.7,78100,4.0,Gas
962,Chevrolet,Camaro ZL1,2021,650,650,3.5,63000,6.2,Gas
963,Dodge,Charger Hellcat,2021,717,650,3.6,70000,6.2,Gas
964,Alfa Romeo,Giulia Quadrifoglio,2021,505,443,3.8,78450,2.9,Gas
965,Tesla,Model S Plaid,2022,1020,1050,1.9,141190,,Electric
966,Ferrari,SF90 Stradale,2021,986,590,2.5,625000,4.0,Hybrid
967,Porsche,Panamera Turbo S E-Hybrid,2021,689,642,3.0,190000,4.0,Hybrid
968,McLaren,Artura,2022,671,531,3.0,225000,3.0,Gas
969,Lamborghini,Urus,2021,641,627,3.6,222000,4.0,Gas
970,Ford,Mustang Mach 1,2021,480,420,4.0,52915,5.0,Gas
971,Porsche,911,2022,379,331,4.0,101200,3.0,Gas
972,Lamborghini,Huracan,2021,630,443,2.8,274390,5.2,Gas
973,Ferrari,488 GTB,2022,661,561,3.0,333750,3.9,Gas
974,Audi,R8,2022,562,406,3.2,142700,5.2,Gas
975,McLaren,720S,2021,710,568,2.7,298000,4.0,Gas
976,BMW,M8,2022,617,553,3.1,130000,4.4,Gas
977,Mercedes-Benz,AMG GT,2021,523,494,3.8,118500,4.0,Gas
978,Chevrolet,Corvette,2021,490,465,2.8,59900,6.2,Gas
979,Ford,Mustang Shelby GT500,2022,760,625,3.5,81000,5.2,Gas
980,Nissan,GT-R Nismo,2021,600,481,2.5,212000,3.8,Gas
981,Dodge,Challenger SRT Hellcat,2021,717,656,3.5,64195,6.2,Gas
982,Aston Martin,Vantage,2021,503,505,3.6,147000,4.0,Gas
983,Bugatti,Chiron,2022,1500,1180,2.5,3900000,8.0,Gas
984,Koenigsegg,Jesko,2022,1280,1015,2.5,3000000,5.0,Gas
985,Pagani,Huayra,2021,764,740,2.8,2600000,6.0,Gas
986,Rimac,Nevera,2022,1914,1696,1.85,2400000,,Electric
987,Lotus,Evija,2022,1973,1254,2.5,2000000,,Electric
988,Pininfarina,Battista,2021,1872,1696,1.9,2500000,,Electric
989,Maserati,MC20,2021,621,538,2.9,210000,3.0,Gas
990,Porsche,Cayman,2021,300,280,5.1,59900,2.0,Gas
991,Lamborghini,Aventador,2021,730,509,2.9,393695,6.5,Gas
992,Ferrari,SF90 Stradale,2021,986,590,2.5,625000,4.0,Hybrid
993,Audi,RS 5,2021,444,443,3.5,75100,2.9,Gas
994,McLaren,GT,2022,612,465,3.1,210000,4.0,Gas
995,BMW,M2,2021,405,406,4.0,58900,3.0,Gas
996,Mercedes-Benz,SLS AMG,2021,622,468,3.6,254500,6.3,Gas
997,Chevrolet,Camaro,2021,455,455,4.0,25000,6.2,Gas
998,Ford,Mustang,2021,310,350,5.3,27205,2.3,Gas
999,Nissan,370Z,2021,332,270,5.1,30090,3.7,Gas
1000,Aston Martin,Vantage,2021,503,505,3.6,146000,4.0,Gas
1001,Bugatti,Chiron,2021,1479,1180,2.4,3000000,8.0,Gas
1002,Koenigsegg,Jesko,2022,1280,1106,2.5,3000000,5.0,Gas
1003,Lotus,Evija,2021,1972,1254,2.0,2000000,,Electric
1004,McLaren,Senna,2021,789,590,2.7,1000000,4.0,Gas
1005,Pagani,Huayra,2021,764,738,3.0,2600000,6.0,Gas
1006,Rimac,Nevera,2021,1888,1696,1.85,2400000,,Electric
